"Number of Axes","Stress"
2,0.215657896360097
3,0.162516055824476
