"Number of Axes","Stress"
2,0.175237380445365
3,0.126451540763817
