"Number of Axes","Stress"
2,0.215658963736411
3,0.162516418022575
