"Number of Axes","Stress"
2,0.218202713862988
3,0.162286799988549
