"Number of Axes","Stress"
2,0.178306098277183
3,0.128285023270599
